"YEAR","SEASON","SAGA Shiny App","StockEff","Percent difference","Absolute percent difference"
2009,"FALL",0.000459198942881045,5e-04,-8.1602114237911,8.1602114237911
2010,"FALL",0.000688798414321567,7e-04,-1.60022652549045,1.60022652549045
